domain,count,share_%
other,240,59.553349875930515
government,57,14.1439205955335
education,31,7.6923076923076925
finance,13,3.225806451612903
tech_news,9,2.2332506203473943
news,9,2.2332506203473943
reddit,9,2.2332506203473943
ecommerce,8,1.9851116625310175
x_twitter,7,1.7369727047146404
youtube,6,1.488833746898263
linkedin,3,0.7444168734491315
academic,3,0.7444168734491315
reference,2,0.49627791563275436
stackoverflow,2,0.49627791563275436
health,2,0.49627791563275436
quora,1,0.24813895781637718
social,1,0.24813895781637718
wikipedia,0,0.0
medium,0,0.0
github,0,0.0
