context,total_urls,top_domain,top_domain_count,top_domain_%
educational,31,other,15,48.38709677419355
social,27,other,19,70.37037037037037
problem_solving,58,other,27,46.55172413793103
news,43,other,19,44.18604651162791
shopping,48,other,44,91.66666666666666
learning,59,other,38,64.40677966101694
health,39,government,21,53.84615384615385
finance,45,other,22,48.888888888888886
entertainment,53,other,43,81.13207547169812
