domain,count,share_%
other,1599,80.79838302172814
reddit,266,13.441131884790297
quora,52,2.627589691763517
x_twitter,29,1.4653865588681152
stackoverflow,17,0.8590197069226881
medium,12,0.6063668519454269
youtube,4,0.202122283981809
wikipedia,0,0.0
