domain,count,share_%
other,268,75.49295774647888
reddit,21,5.915492957746479
ecommerce,14,3.943661971830986
tech_news,11,3.0985915492957745
youtube,10,2.8169014084507045
news,9,2.535211267605634
stackoverflow,4,1.1267605633802817
social,4,1.1267605633802817
github,3,0.8450704225352111
academic,3,0.8450704225352111
quora,3,0.8450704225352111
x_twitter,2,0.5633802816901409
medium,2,0.5633802816901409
linkedin,1,0.28169014084507044
wikipedia,0,0.0
