domain,count,share_%
other,180,46.27249357326478
wikipedia,102,26.221079691516707
government,32,8.226221079691516
education,13,3.3419023136246784
youtube,12,3.0848329048843186
reddit,9,2.313624678663239
x_twitter,8,2.056555269922879
finance,6,1.5424164524421593
stackoverflow,5,1.2853470437017995
news,5,1.2853470437017995
tech_news,5,1.2853470437017995
ecommerce,5,1.2853470437017995
health,4,1.0282776349614395
github,2,0.5141388174807198
quora,1,0.2570694087403599
medium,0,0.0
academic,0,0.0
linkedin,0,0.0
social,0,0.0
reference,0,0.0
