n_posts,pct_nsfw,pct_nsfw_low,pct_nsfw_high,pct_not_citable,pct_not_citable_low,pct_not_citable_high,mean_profanity_rate,subreddit
100,0.04,0.015663050551848016,0.09837217232607373,0.01,0.0017673865655472645,0.0544875247609346,0.0003846153846153846,AskReddit
100,0.0,0.0,0.03699480747600191,0.02,0.005501852234968178,0.07001316294199367,0.0,aww
100,0.02,0.005501852234968178,0.07001316294199367,0.01,0.0017673865655472645,0.0544875247609346,0.0014285714285714286,funny
100,0.08,0.04109296948581091,0.14998266879403072,0.02,0.005501852234968178,0.07001316294199367,0.00020364336492890997,gaming
100,0.0,0.0,0.03699480747600191,0.0,0.0,0.03699480747600191,0.0,news
100,0.02,0.005501852234968178,0.07001316294199367,0.0,0.0,0.03699480747600191,0.0,pics
100,0.0,0.0,0.03699480747600191,0.02,0.005501852234968178,0.07001316294199367,0.0,science
100,0.0,0.0,0.03699480747600191,0.02,0.005501852234968178,0.07001316294199367,0.0,technology
100,0.01,0.0017673865655472645,0.0544875247609346,0.01,0.0017673865655472645,0.0544875247609346,0.0,todayilearned
100,0.0,0.0,0.03699480747600191,0.02,0.005501852234968178,0.07001316294199367,0.0,worldnews
