n_posts,pct_nsfw,pct_nsfw_low,pct_nsfw_high,pct_not_citable,pct_not_citable_low,pct_not_citable_high,mean_profanity_rate
1000,0.017,0.010640599663218201,0.027056184371235047,0.013,0.0076127471221297755,0.022114652101014598,0.0002016830178115723
